<?xml version='1.0' encoding='UTF-8' standalone='yes'?>
<?mso-application progid="Word.Document"?><pkg:package xmlns:pkg="http://schemas.microsoft.com/office/2006/xmlPackage"><pkg:part pkg:name="word/theme/theme1.xml" pkg:contentType="application/xml"><pkg:xmlData><a:theme xmlns:a="http://schemas.openxmlformats.org/drawingml/2006/main" name="Office Theme">
  <a:themeElements>
    <a:clrScheme name="Office">
      <a:dk1>
        <a:sysClr val="windowText" lastClr="000000"/>
      </a:dk1>
      <a:lt1>
        <a:sysClr val="window" lastClr="FFFFFF"/>
      </a:lt1>
      <a:dk2>
        <a:srgbClr val="44546A"/>
      </a:dk2>
      <a:lt2>
        <a:srgbClr val="E7E6E6"/>
      </a:lt2>
      <a:accent1>
        <a:srgbClr val="4472C4"/>
      </a:accent1>
      <a:accent2>
        <a:srgbClr val="ED7D31"/>
      </a:accent2>
      <a:accent3>
        <a:srgbClr val="A5A5A5"/>
      </a:accent3>
      <a:accent4>
        <a:srgbClr val="FFC000"/>
      </a:accent4>
      <a:accent5>
        <a:srgbClr val="5B9BD5"/>
      </a:accent5>
      <a:accent6>
        <a:srgbClr val="70AD47"/>
      </a:accent6>
      <a:hlink>
        <a:srgbClr val="0563C1"/>
      </a:hlink>
      <a:folHlink>
        <a:srgbClr val="954F72"/>
      </a:folHlink>
    </a:clrScheme>
    <a:fontScheme name="Office">
      <a:majorFont>
        <a:latin typeface="Calibri Light" panose="020F0302020204030204"/>
        <a:ea typeface=""/>
        <a:cs typeface=""/>
        <a:font script="Jpan" typeface="ＭＳ ゴシック"/>
        <a:font script="Hang" typeface="맑은 고딕"/>
        <a:font script="Hans" typeface="宋体"/>
        <a:font script="Hant" typeface="新細明體"/>
        <a:font script="Arab" typeface="Times New Roman"/>
        <a:font script="Hebr" typeface="Times New Roman"/>
        <a:font script="Thai" typeface="Angsana New"/>
        <a:font script="Ethi" typeface="Nyala"/>
        <a:font script="Beng" typeface="Vrinda"/>
        <a:font script="Gujr" typeface="Shruti"/>
        <a:font script="Khmr" typeface="MoolBoran"/>
        <a:font script="Knda" typeface="Tunga"/>
        <a:font script="Guru" typeface="Raavi"/>
        <a:font script="Cans" typeface="Euphemia"/>
        <a:font script="Cher" typeface="Plantagenet Cherokee"/>
        <a:font script="Yiii" typeface="Microsoft Yi Baiti"/>
        <a:font script="Tibt" typeface="Microsoft Himalaya"/>
        <a:font script="Thaa" typeface="MV Boli"/>
        <a:font script="Deva" typeface="Mangal"/>
        <a:font script="Telu" typeface="Gautami"/>
        <a:font script="Taml" typeface="Latha"/>
        <a:font script="Syrc" typeface="Estrangelo Edessa"/>
        <a:font script="Orya" typeface="Kalinga"/>
        <a:font script="Mlym" typeface="Kartika"/>
        <a:font script="Laoo" typeface="DokChampa"/>
        <a:font script="Sinh" typeface="Iskoola Pota"/>
        <a:font script="Mong" typeface="Mongolian Baiti"/>
        <a:font script="Viet" typeface="Times New Roman"/>
        <a:font script="Uigh" typeface="Microsoft Uighur"/>
        <a:font script="Geor" typeface="Sylfaen"/>
      </a:majorFont>
      <a:minorFont>
        <a:latin typeface="Calibri" panose="020F0502020204030204"/>
        <a:ea typeface=""/>
        <a:cs typeface=""/>
        <a:font script="Jpan" typeface="ＭＳ 明朝"/>
        <a:font script="Hang" typeface="맑은 고딕"/>
        <a:font script="Hans" typeface="宋体"/>
        <a:font script="Hant" typeface="新細明體"/>
        <a:font script="Arab" typeface="Arial"/>
        <a:font script="Hebr" typeface="Arial"/>
        <a:font script="Thai" typeface="Cordia New"/>
        <a:font script="Ethi" typeface="Nyala"/>
        <a:font script="Beng" typeface="Vrinda"/>
        <a:font script="Gujr" typeface="Shruti"/>
        <a:font script="Khmr" typeface="DaunPenh"/>
        <a:font script="Knda" typeface="Tunga"/>
        <a:font script="Guru" typeface="Raavi"/>
        <a:font script="Cans" typeface="Euphemia"/>
        <a:font script="Cher" typeface="Plantagenet Cherokee"/>
        <a:font script="Yiii" typeface="Microsoft Yi Baiti"/>
        <a:font script="Tibt" typeface="Microsoft Himalaya"/>
        <a:font script="Thaa" typeface="MV Boli"/>
        <a:font script="Deva" typeface="Mangal"/>
        <a:font script="Telu" typeface="Gautami"/>
        <a:font script="Taml" typeface="Latha"/>
        <a:font script="Syrc" typeface="Estrangelo Edessa"/>
        <a:font script="Orya" typeface="Kalinga"/>
        <a:font script="Mlym" typeface="Kartika"/>
        <a:font script="Laoo" typeface="DokChampa"/>
        <a:font script="Sinh" typeface="Iskoola Pota"/>
        <a:font script="Mong" typeface="Mongolian Baiti"/>
        <a:font script="Viet" typeface="Arial"/>
        <a:font script="Uigh" typeface="Microsoft Uighur"/>
        <a:font script="Geor" typeface="Sylfaen"/>
      </a:minorFont>
    </a:fontScheme>
    <a:fmtScheme name="Office">
      <a:fillStyleLst>
        <a:solidFill>
          <a:schemeClr val="phClr"/>
        </a:solidFill>
        <a:gradFill rotWithShape="1">
          <a:gsLst>
            <a:gs pos="0">
              <a:schemeClr val="phClr">
                <a:lumMod val="110000"/>
                <a:satMod val="105000"/>
                <a:tint val="67000"/>
              </a:schemeClr>
            </a:gs>
            <a:gs pos="50000">
              <a:schemeClr val="phClr">
                <a:lumMod val="105000"/>
                <a:satMod val="103000"/>
                <a:tint val="73000"/>
              </a:schemeClr>
            </a:gs>
            <a:gs pos="100000">
              <a:schemeClr val="phClr">
                <a:lumMod val="105000"/>
                <a:satMod val="109000"/>
                <a:tint val="81000"/>
              </a:schemeClr>
            </a:gs>
          </a:gsLst>
          <a:lin ang="5400000" scaled="0"/>
        </a:gradFill>
        <a:gradFill rotWithShape="1">
          <a:gsLst>
            <a:gs pos="0">
              <a:schemeClr val="phClr">
                <a:satMod val="103000"/>
                <a:lumMod val="102000"/>
                <a:tint val="94000"/>
              </a:schemeClr>
            </a:gs>
            <a:gs pos="50000">
              <a:schemeClr val="phClr">
                <a:satMod val="110000"/>
                <a:lumMod val="100000"/>
                <a:shade val="100000"/>
              </a:schemeClr>
            </a:gs>
            <a:gs pos="100000">
              <a:schemeClr val="phClr">
                <a:lumMod val="99000"/>
                <a:satMod val="120000"/>
                <a:shade val="78000"/>
              </a:schemeClr>
            </a:gs>
          </a:gsLst>
          <a:lin ang="5400000" scaled="0"/>
        </a:gradFill>
      </a:fillStyleLst>
      <a:lnStyleLst>
        <a:ln w="6350" cap="flat" cmpd="sng" algn="ctr">
          <a:solidFill>
            <a:schemeClr val="phClr"/>
          </a:solidFill>
          <a:prstDash val="solid"/>
          <a:miter lim="800000"/>
        </a:ln>
        <a:ln w="12700" cap="flat" cmpd="sng" algn="ctr">
          <a:solidFill>
            <a:schemeClr val="phClr"/>
          </a:solidFill>
          <a:prstDash val="solid"/>
          <a:miter lim="800000"/>
        </a:ln>
        <a:ln w="19050" cap="flat" cmpd="sng" algn="ctr">
          <a:solidFill>
            <a:schemeClr val="phClr"/>
          </a:solidFill>
          <a:prstDash val="solid"/>
          <a:miter lim="800000"/>
        </a:ln>
      </a:lnStyleLst>
      <a:effectStyleLst>
        <a:effectStyle>
          <a:effectLst/>
        </a:effectStyle>
        <a:effectStyle>
          <a:effectLst/>
        </a:effectStyle>
        <a:effectStyle>
          <a:effectLst>
            <a:outerShdw blurRad="57150" dist="19050" dir="5400000" algn="ctr" rotWithShape="0">
              <a:srgbClr val="000000">
                <a:alpha val="63000"/>
              </a:srgbClr>
            </a:outerShdw>
          </a:effectLst>
        </a:effectStyle>
      </a:effectStyleLst>
      <a:bgFillStyleLst>
        <a:solidFill>
          <a:schemeClr val="phClr"/>
        </a:solidFill>
        <a:solidFill>
          <a:schemeClr val="phClr">
            <a:tint val="95000"/>
            <a:satMod val="170000"/>
          </a:schemeClr>
        </a:solidFill>
        <a:gradFill rotWithShape="1">
          <a:gsLst>
            <a:gs pos="0">
              <a:schemeClr val="phClr">
                <a:tint val="93000"/>
                <a:satMod val="150000"/>
                <a:shade val="98000"/>
                <a:lumMod val="102000"/>
              </a:schemeClr>
            </a:gs>
            <a:gs pos="50000">
              <a:schemeClr val="phClr">
                <a:tint val="98000"/>
                <a:satMod val="130000"/>
                <a:shade val="90000"/>
                <a:lumMod val="103000"/>
              </a:schemeClr>
            </a:gs>
            <a:gs pos="100000">
              <a:schemeClr val="phClr">
                <a:shade val="63000"/>
                <a:satMod val="120000"/>
              </a:schemeClr>
            </a:gs>
          </a:gsLst>
          <a:lin ang="5400000" scaled="0"/>
        </a:gradFill>
      </a:bgFillStyleLst>
    </a:fmtScheme>
  </a:themeElements>
  <a:objectDefaults/>
  <a:extraClrSchemeLst/>
  <a:extLst>
    <a:ext uri="{05A4C25C-085E-4340-85A3-A5531E510DB2}">
      <thm15:themeFamily xmlns:thm15="http://schemas.microsoft.com/office/thememl/2012/main" name="Office Theme" id="{62F939B6-93AF-4DB8-9C6B-D6C7DFDC589F}" vid="{4A3C46E8-61CC-4603-A589-7422A47A8E4A}"/>
    </a:ext>
  </a:extLst>
</a:theme></pkg:xmlData></pkg:part><pkg:part pkg:name="word/settings.xml" pkg:contentType="application/xml"><pkg:xmlData><w:settings xmlns:mc="http://schemas.openxmlformats.org/markup-compatibility/2006" xmlns:o="urn:schemas-microsoft-com:office:office" xmlns:r="http://schemas.openxmlformats.org/officeDocument/2006/relationships" xmlns:m="http://schemas.openxmlformats.org/officeDocument/2006/math" xmlns:v="urn:schemas-microsoft-com:vml" xmlns:w10="urn:schemas-microsoft-com:office:word" xmlns:w="http://schemas.openxmlformats.org/wordprocessingml/2006/main" xmlns:w14="http://schemas.microsoft.com/office/word/2010/wordml" xmlns:w15="http://schemas.microsoft.com/office/word/2012/wordml" xmlns:sl="http://schemas.openxmlformats.org/schemaLibrary/2006/main" mc:Ignorable="w14 w15"><w:zoom w:percent="100"/><w:trackRevisions w:val="false"/><w:defaultTabStop w:val="720"/><w:characterSpacingControl w:val="doNotCompress"/><w:compat><w:compatSetting w:name="compatibilityMode" w:uri="http://schemas.microsoft.com/office/word" w:val="15"/><w:compatSetting w:name="overrideTableStyleFontSizeAndJustification" w:uri="http://schemas.microsoft.com/office/word" w:val="1"/><w:compatSetting w:name="enableOpenTypeFeatures" w:uri="http://schemas.microsoft.com/office/word" w:val="1"/><w:compatSetting w:name="doNotFlipMirrorIndents" w:uri="http://schemas.microsoft.com/office/word" w:val="1"/><w:compatSetting w:name="differentiateMultirowTableHeaders" w:uri="http://schemas.microsoft.com/office/word" w:val="1"/></w:compat><w:rsids><w:rsidRoot w:val="4874EF29"/><w:rsid w:val="07760669"/><w:rsid w:val="46BAED0E"/><w:rsid w:val="4856BD6F"/><w:rsid w:val="4874EF29"/><w:rsid w:val="4D8FA3F4"/><w:rsid w:val="5E1AECF2"/><w:rsid w:val="76613398"/></w:rsids><m:mathPr><m:mathFont m:val="Cambria Math"/><m:brkBin m:val="before"/><m:brkBinSub m:val="--"/><m:smallFrac m:val="0"/><m:dispDef/><m:lMargin m:val="0"/><m:rMargin m:val="0"/><m:defJc m:val="centerGroup"/><m:wrapIndent m:val="1440"/><m:intLim m:val="subSup"/><m:naryLim m:val="undOvr"/></m:mathPr><w:themeFontLang w:val="en-US"/><w:clrSchemeMapping w:bg1="light1" w:t1="dark1" w:bg2="light2" w:t2="dark2" w:accent1="accent1" w:accent2="accent2" w:accent3="accent3" w:accent4="accent4" w:accent5="accent5" w:accent6="accent6" w:hyperlink="hyperlink" w:followedHyperlink="followedHyperlink"/><w:shapeDefaults><o:shapedefaults v:ext="edit" spidmax="1026"/><o:shapelayout v:ext="edit"><o:idmap v:ext="edit" data="1"/></o:shapelayout></w:shapeDefaults><w:decimalSymbol w:val="."/><w:listSeparator w:val=","/><w14:docId w14:val="4874EF29"/><w15:chartTrackingRefBased/><w15:docId w15:val="{984EFFC9-526C-4AED-92E3-D87F8F7BAD84}"/></w:settings></pkg:xmlData></pkg:part><pkg:part pkg:name="word/fontTable.xml" pkg:contentType="application/xml"><pkg:xmlData><w:fonts xmlns:mc="http://schemas.openxmlformats.org/markup-compatibility/2006" xmlns:r="http://schemas.openxmlformats.org/officeDocument/2006/relationships" xmlns:w="http://schemas.openxmlformats.org/wordprocessingml/2006/main" xmlns:w14="http://schemas.microsoft.com/office/word/2010/wordml" xmlns:w15="http://schemas.microsoft.com/office/word/2012/wordml" mc:Ignorable="w14 w15"><w:font w:name="Calibri"><w:panose1 w:val="020F0502020204030204"/><w:charset w:val="00"/><w:family w:val="swiss"/><w:pitch w:val="variable"/><w:sig w:usb0="E00002FF" w:usb1="4000ACFF" w:usb2="00000001" w:usb3="00000000" w:csb0="0000019F" w:csb1="00000000"/></w:font><w:font w:name="Times New Roman"><w:panose1 w:val="02020603050405020304"/><w:charset w:val="00"/><w:family w:val="roman"/><w:pitch w:val="variable"/><w:sig w:usb0="E0002AFF" w:usb1="C0007843" w:usb2="00000009" w:usb3="00000000" w:csb0="000001FF" w:csb1="00000000"/></w:font><w:font w:name="Calibri Light"><w:panose1 w:val="020F0302020204030204"/><w:charset w:val="00"/><w:family w:val="swiss"/><w:pitch w:val="variable"/><w:sig w:usb0="A00002EF" w:usb1="4000207B" w:usb2="00000000" w:usb3="00000000" w:csb0="0000019F" w:csb1="00000000"/></w:font></w:fonts></pkg:xmlData></pkg:part><pkg:part pkg:name="word/webSettings.xml" pkg:contentType="application/xml"><pkg:xmlData><w:webSettings xmlns:mc="http://schemas.openxmlformats.org/markup-compatibility/2006" xmlns:r="http://schemas.openxmlformats.org/officeDocument/2006/relationships" xmlns:w="http://schemas.openxmlformats.org/wordprocessingml/2006/main" xmlns:w14="http://schemas.microsoft.com/office/word/2010/wordml" xmlns:w15="http://schemas.microsoft.com/office/word/2012/wordml" mc:Ignorable="w14 w15"><w:optimizeForBrowser/><w:allowPNG/></w:webSettings></pkg:xmlData></pkg:part><pkg:part pkg:name="docProps/app.xml" pkg:contentType="application/xml"><pkg:xmlData><ap:Properties xmlns="http://schemas.openxmlformats.org/officeDocument/2006/extended-properties" xmlns:vt="http://schemas.openxmlformats.org/officeDocument/2006/docPropsVTypes" xmlns:ap="http://schemas.openxmlformats.org/officeDocument/2006/extended-properties"><ap:Application>Microsoft Word for the web</ap:Application><ap:DocSecurity>0</ap:DocSecurity><ap:ScaleCrop>false</ap:ScaleCrop><ap:Company/><ap:SharedDoc>false</ap:SharedDoc><ap:HyperlinksChanged>false</ap:HyperlinksChanged><ap:AppVersion>16.0000</ap:AppVersion><ap:Template>Normal.dotm</ap:Template><ap:LinksUpToDate>false</ap:LinksUpToDate></ap:Properties></pkg:xmlData></pkg:part><pkg:part pkg:name="docProps/core.xml" pkg:contentType="application/xml"><pkg:xmlData><coreProperties xmlns:dc="http://purl.org/dc/elements/1.1/" xmlns:dcterms="http://purl.org/dc/terms/" xmlns:xsi="http://www.w3.org/2001/XMLSchema-instance" xmlns="http://schemas.openxmlformats.org/package/2006/metadata/core-properties"><dc:title/><dc:subject/><keywords/><dc:description/><dcterms:created xsi:type="dcterms:W3CDTF">2022-08-19T05:42:37.1499821Z</dcterms:created><dcterms:modified xsi:type="dcterms:W3CDTF">2022-08-19T05:44:48.6109353Z</dcterms:modified><dc:creator>Srikanth Bandari</dc:creator><lastModifiedBy>Srikanth Bandari</lastModifiedBy></coreProperties></pkg:xmlData></pkg:part><pkg:part pkg:name="word/styles.xml" pkg:contentType="application/xml"><pkg:xmlData><w:styles xmlns:wp14="http://schemas.microsoft.com/office/word/2010/wordprocessingDrawing" xmlns:mc="http://schemas.openxmlformats.org/markup-compatibility/2006" xmlns:r="http://schemas.openxmlformats.org/officeDocument/2006/relationships" xmlns:w="http://schemas.openxmlformats.org/wordprocessingml/2006/main" xmlns:w14="http://schemas.microsoft.com/office/word/2010/wordml" xmlns:w15="http://schemas.microsoft.com/office/word/2012/wordml" mc:Ignorable="w14 w15 wp14"><w:docDefaults><w:rPrDefault><w:rPr><w:rFonts w:asciiTheme="minorHAnsi" w:hAnsiTheme="minorHAnsi" w:eastAsiaTheme="minorHAnsi" w:cstheme="minorBidi"/><w:sz w:val="22"/><w:szCs w:val="22"/><w:lang w:val="en-US" w:eastAsia="en-US" w:bidi="ar-SA"/></w:rPr></w:rPrDefault><w:pPrDefault><w:pPr><w:spacing w:after="160" w:line="259" w:lineRule="auto"/></w:pPr></w:pPrDefault></w:docDefaults><w:latentStyles w:defLockedState="0" w:defUIPriority="99" w:defSemiHidden="0" w:defUnhideWhenUsed="0" w:defQFormat="0" w:count="371"><w:lsdException w:name="Normal" w:uiPriority="0" w:qFormat="1"/><w:lsdException w:name="heading 1" w:uiPriority="9" w:qFormat="1"/><w:lsdException w:name="heading 2" w:uiPriority="9" w:semiHidden="1" w:unhideWhenUsed="1" w:qFormat="1"/><w:lsdException w:name="heading 3" w:uiPriority="9" w:semiHidden="1" w:unhideWhenUsed="1" w:qFormat="1"/><w:lsdException w:name="heading 4" w:uiPriority="9" w:semiHidden="1" w:unhideWhenUsed="1" w:qFormat="1"/><w:lsdException w:name="heading 5" w:uiPriority="9" w:semiHidden="1" w:unhideWhenUsed="1" w:qFormat="1"/><w:lsdException w:name="heading 6" w:uiPriority="9" w:semiHidden="1" w:unhideWhenUsed="1" w:qFormat="1"/><w:lsdException w:name="heading 7" w:uiPriority="9" w:semiHidden="1" w:unhideWhenUsed="1" w:qFormat="1"/><w:lsdException w:name="heading 8" w:uiPriority="9" w:semiHidden="1" w:unhideWhenUsed="1" w:qFormat="1"/><w:lsdException w:name="heading 9" w:uiPriority="9" w:semiHidden="1" w:unhideWhenUsed="1" w:qFormat="1"/><w:lsdException w:name="index 1" w:semiHidden="1" w:unhideWhenUsed="1"/><w:lsdException w:name="index 2" w:semiHidden="1" w:unhideWhenUsed="1"/><w:lsdException w:name="index 3" w:semiHidden="1" w:unhideWhenUsed="1"/><w:lsdException w:name="index 4" w:semiHidden="1" w:unhideWhenUsed="1"/><w:lsdException w:name="index 5" w:semiHidden="1" w:unhideWhenUsed="1"/><w:lsdException w:name="index 6" w:semiHidden="1" w:unhideWhenUsed="1"/><w:lsdException w:name="index 7" w:semiHidden="1" w:unhideWhenUsed="1"/><w:lsdException w:name="index 8" w:semiHidden="1" w:unhideWhenUsed="1"/><w:lsdException w:name="index 9" w:semiHidden="1" w:unhideWhenUsed="1"/><w:lsdException w:name="toc 1" w:uiPriority="39" w:semiHidden="1" w:unhideWhenUsed="1"/><w:lsdException w:name="toc 2" w:uiPriority="39" w:semiHidden="1" w:unhideWhenUsed="1"/><w:lsdException w:name="toc 3" w:uiPriority="39" w:semiHidden="1" w:unhideWhenUsed="1"/><w:lsdException w:name="toc 4" w:uiPriority="39" w:semiHidden="1" w:unhideWhenUsed="1"/><w:lsdException w:name="toc 5" w:uiPriority="39" w:semiHidden="1" w:unhideWhenUsed="1"/><w:lsdException w:name="toc 6" w:uiPriority="39" w:semiHidden="1" w:unhideWhenUsed="1"/><w:lsdException w:name="toc 7" w:uiPriority="39" w:semiHidden="1" w:unhideWhenUsed="1"/><w:lsdException w:name="toc 8" w:uiPriority="39" w:semiHidden="1" w:unhideWhenUsed="1"/><w:lsdException w:name="toc 9" w:uiPriority="39" w:semiHidden="1" w:unhideWhenUsed="1"/><w:lsdException w:name="Normal Indent" w:semiHidden="1" w:unhideWhenUsed="1"/><w:lsdException w:name="footnote text" w:semiHidden="1" w:unhideWhenUsed="1"/><w:lsdException w:name="annotation text" w:semiHidden="1" w:unhideWhenUsed="1"/><w:lsdException w:name="header" w:semiHidden="1" w:unhideWhenUsed="1"/><w:lsdException w:name="footer" w:semiHidden="1" w:unhideWhenUsed="1"/><w:lsdException w:name="index heading" w:semiHidden="1" w:unhideWhenUsed="1"/><w:lsdException w:name="caption" w:uiPriority="35" w:semiHidden="1" w:unhideWhenUsed="1" w:qFormat="1"/><w:lsdException w:name="table of figures" w:semiHidden="1" w:unhideWhenUsed="1"/><w:lsdException w:name="envelope address" w:semiHidden="1" w:unhideWhenUsed="1"/><w:lsdException w:name="envelope return" w:semiHidden="1" w:unhideWhenUsed="1"/><w:lsdException w:name="footnote reference" w:semiHidden="1" w:unhideWhenUsed="1"/><w:lsdException w:name="annotation reference" w:semiHidden="1" w:unhideWhenUsed="1"/><w:lsdException w:name="line number" w:semiHidden="1" w:unhideWhenUsed="1"/><w:lsdException w:name="page number" w:semiHidden="1" w:unhideWhenUsed="1"/><w:lsdException w:name="endnote reference" w:semiHidden="1" w:unhideWhenUsed="1"/><w:lsdException w:name="endnote text" w:semiHidden="1" w:unhideWhenUsed="1"/><w:lsdException w:name="table of authorities" w:semiHidden="1" w:unhideWhenUsed="1"/><w:lsdException w:name="macro" w:semiHidden="1" w:unhideWhenUsed="1"/><w:lsdException w:name="toa heading" w:semiHidden="1" w:unhideWhenUsed="1"/><w:lsdException w:name="List" w:semiHidden="1" w:unhideWhenUsed="1"/><w:lsdException w:name="List Bullet" w:semiHidden="1" w:unhideWhenUsed="1"/><w:lsdException w:name="List Number" w:semiHidden="1" w:unhideWhenUsed="1"/><w:lsdException w:name="List 2" w:semiHidden="1" w:unhideWhenUsed="1"/><w:lsdException w:name="List 3" w:semiHidden="1" w:unhideWhenUsed="1"/><w:lsdException w:name="List 4" w:semiHidden="1" w:unhideWhenUsed="1"/><w:lsdException w:name="List 5" w:semiHidden="1" w:unhideWhenUsed="1"/><w:lsdException w:name="List Bullet 2" w:semiHidden="1" w:unhideWhenUsed="1"/><w:lsdException w:name="List Bullet 3" w:semiHidden="1" w:unhideWhenUsed="1"/><w:lsdException w:name="List Bullet 4" w:semiHidden="1" w:unhideWhenUsed="1"/><w:lsdException w:name="List Bullet 5" w:semiHidden="1" w:unhideWhenUsed="1"/><w:lsdException w:name="List Number 2" w:semiHidden="1" w:unhideWhenUsed="1"/><w:lsdException w:name="List Number 3" w:semiHidden="1" w:unhideWhenUsed="1"/><w:lsdException w:name="List Number 4" w:semiHidden="1" w:unhideWhenUsed="1"/><w:lsdException w:name="List Number 5" w:semiHidden="1" w:unhideWhenUsed="1"/><w:lsdException w:name="Title" w:uiPriority="10" w:qFormat="1"/><w:lsdException w:name="Closing" w:semiHidden="1" w:unhideWhenUsed="1"/><w:lsdException w:name="Signature" w:semiHidden="1" w:unhideWhenUsed="1"/><w:lsdException w:name="Default Paragraph Font" w:uiPriority="1" w:semiHidden="1" w:unhideWhenUsed="1"/><w:lsdException w:name="Body Text" w:semiHidden="1" w:unhideWhenUsed="1"/><w:lsdException w:name="Body Text Indent" w:semiHidden="1" w:unhideWhenUsed="1"/><w:lsdException w:name="List Continue" w:semiHidden="1" w:unhideWhenUsed="1"/><w:lsdException w:name="List Continue 2" w:semiHidden="1" w:unhideWhenUsed="1"/><w:lsdException w:name="List Continue 3" w:semiHidden="1" w:unhideWhenUsed="1"/><w:lsdException w:name="List Continue 4" w:semiHidden="1" w:unhideWhenUsed="1"/><w:lsdException w:name="List Continue 5" w:semiHidden="1" w:unhideWhenUsed="1"/><w:lsdException w:name="Message Header" w:semiHidden="1" w:unhideWhenUsed="1"/><w:lsdException w:name="Subtitle" w:uiPriority="11" w:qFormat="1"/><w:lsdException w:name="Salutation" w:semiHidden="1" w:unhideWhenUsed="1"/><w:lsdException w:name="Date" w:semiHidden="1" w:unhideWhenUsed="1"/><w:lsdException w:name="Body Text First Indent" w:semiHidden="1" w:unhideWhenUsed="1"/><w:lsdException w:name="Body Text First Indent 2" w:semiHidden="1" w:unhideWhenUsed="1"/><w:lsdException w:name="Note Heading" w:semiHidden="1" w:unhideWhenUsed="1"/><w:lsdException w:name="Body Text 2" w:semiHidden="1" w:unhideWhenUsed="1"/><w:lsdException w:name="Body Text 3" w:semiHidden="1" w:unhideWhenUsed="1"/><w:lsdException w:name="Body Text Indent 2" w:semiHidden="1" w:unhideWhenUsed="1"/><w:lsdException w:name="Body Text Indent 3" w:semiHidden="1" w:unhideWhenUsed="1"/><w:lsdException w:name="Block Text" w:semiHidden="1" w:unhideWhenUsed="1"/><w:lsdException w:name="Hyperlink" w:semiHidden="1" w:unhideWhenUsed="1"/><w:lsdException w:name="FollowedHyperlink" w:semiHidden="1" w:unhideWhenUsed="1"/><w:lsdException w:name="Strong" w:uiPriority="22" w:qFormat="1"/><w:lsdException w:name="Emphasis" w:uiPriority="20" w:qFormat="1"/><w:lsdException w:name="Document Map" w:semiHidden="1" w:unhideWhenUsed="1"/><w:lsdException w:name="Plain Text" w:semiHidden="1" w:unhideWhenUsed="1"/><w:lsdException w:name="E-mail Signature" w:semiHidden="1" w:unhideWhenUsed="1"/><w:lsdException w:name="HTML Top of Form" w:semiHidden="1" w:unhideWhenUsed="1"/><w:lsdException w:name="HTML Bottom of Form" w:semiHidden="1" w:unhideWhenUsed="1"/><w:lsdException w:name="Normal (Web)" w:semiHidden="1" w:unhideWhenUsed="1"/><w:lsdException w:name="HTML Acronym" w:semiHidden="1" w:unhideWhenUsed="1"/><w:lsdException w:name="HTML Address" w:semiHidden="1" w:unhideWhenUsed="1"/><w:lsdException w:name="HTML Cite" w:semiHidden="1" w:unhideWhenUsed="1"/><w:lsdException w:name="HTML Code" w:semiHidden="1" w:unhideWhenUsed="1"/><w:lsdException w:name="HTML Definition" w:semiHidden="1" w:unhideWhenUsed="1"/><w:lsdException w:name="HTML Keyboard" w:semiHidden="1" w:unhideWhenUsed="1"/><w:lsdException w:name="HTML Preformatted" w:semiHidden="1" w:unhideWhenUsed="1"/><w:lsdException w:name="HTML Sample" w:semiHidden="1" w:unhideWhenUsed="1"/><w:lsdException w:name="HTML Typewriter" w:semiHidden="1" w:unhideWhenUsed="1"/><w:lsdException w:name="HTML Variable" w:semiHidden="1" w:unhideWhenUsed="1"/><w:lsdException w:name="Normal Table" w:semiHidden="1" w:unhideWhenUsed="1"/><w:lsdException w:name="annotation subject" w:semiHidden="1" w:unhideWhenUsed="1"/><w:lsdException w:name="No List" w:semiHidden="1" w:unhideWhenUsed="1"/><w:lsdException w:name="Outline List 1" w:semiHidden="1" w:unhideWhenUsed="1"/><w:lsdException w:name="Outline List 2" w:semiHidden="1" w:unhideWhenUsed="1"/><w:lsdException w:name="Outline List 3" w:semiHidden="1" w:unhideWhenUsed="1"/><w:lsdException w:name="Table Simple 1" w:semiHidden="1" w:unhideWhenUsed="1"/><w:lsdException w:name="Table Simple 2" w:semiHidden="1" w:unhideWhenUsed="1"/><w:lsdException w:name="Table Simple 3" w:semiHidden="1" w:unhideWhenUsed="1"/><w:lsdException w:name="Table Classic 1" w:semiHidden="1" w:unhideWhenUsed="1"/><w:lsdException w:name="Table Classic 2" w:semiHidden="1" w:unhideWhenUsed="1"/><w:lsdException w:name="Table Classic 3" w:semiHidden="1" w:unhideWhenUsed="1"/><w:lsdException w:name="Table Classic 4" w:semiHidden="1" w:unhideWhenUsed="1"/><w:lsdException w:name="Table Colorful 1" w:semiHidden="1" w:unhideWhenUsed="1"/><w:lsdException w:name="Table Colorful 2" w:semiHidden="1" w:unhideWhenUsed="1"/><w:lsdException w:name="Table Colorful 3" w:semiHidden="1" w:unhideWhenUsed="1"/><w:lsdException w:name="Table Columns 1" w:semiHidden="1" w:unhideWhenUsed="1"/><w:lsdException w:name="Table Columns 2" w:semiHidden="1" w:unhideWhenUsed="1"/><w:lsdException w:name="Table Columns 3" w:semiHidden="1" w:unhideWhenUsed="1"/><w:lsdException w:name="Table Columns 4" w:semiHidden="1" w:unhideWhenUsed="1"/><w:lsdException w:name="Table Columns 5" w:semiHidden="1" w:unhideWhenUsed="1"/><w:lsdException w:name="Table Grid 1" w:semiHidden="1" w:unhideWhenUsed="1"/><w:lsdException w:name="Table Grid 2" w:semiHidden="1" w:unhideWhenUsed="1"/><w:lsdException w:name="Table Grid 3" w:semiHidden="1" w:unhideWhenUsed="1"/><w:lsdException w:name="Table Grid 4" w:semiHidden="1" w:unhideWhenUsed="1"/><w:lsdException w:name="Table Grid 5" w:semiHidden="1" w:unhideWhenUsed="1"/><w:lsdException w:name="Table Grid 6" w:semiHidden="1" w:unhideWhenUsed="1"/><w:lsdException w:name="Table Grid 7" w:semiHidden="1" w:unhideWhenUsed="1"/><w:lsdException w:name="Table Grid 8" w:semiHidden="1" w:unhideWhenUsed="1"/><w:lsdException w:name="Table List 1" w:semiHidden="1" w:unhideWhenUsed="1"/><w:lsdException w:name="Table List 2" w:semiHidden="1" w:unhideWhenUsed="1"/><w:lsdException w:name="Table List 3" w:semiHidden="1" w:unhideWhenUsed="1"/><w:lsdException w:name="Table List 4" w:semiHidden="1" w:unhideWhenUsed="1"/><w:lsdException w:name="Table List 5" w:semiHidden="1" w:unhideWhenUsed="1"/><w:lsdException w:name="Table List 6" w:semiHidden="1" w:unhideWhenUsed="1"/><w:lsdException w:name="Table List 7" w:semiHidden="1" w:unhideWhenUsed="1"/><w:lsdException w:name="Table List 8" w:semiHidden="1" w:unhideWhenUsed="1"/><w:lsdException w:name="Table 3D effects 1" w:semiHidden="1" w:unhideWhenUsed="1"/><w:lsdException w:name="Table 3D effects 2" w:semiHidden="1" w:unhideWhenUsed="1"/><w:lsdException w:name="Table 3D effects 3" w:semiHidden="1" w:unhideWhenUsed="1"/><w:lsdException w:name="Table Contemporary" w:semiHidden="1" w:unhideWhenUsed="1"/><w:lsdException w:name="Table Elegant" w:semiHidden="1" w:unhideWhenUsed="1"/><w:lsdException w:name="Table Professional" w:semiHidden="1" w:unhideWhenUsed="1"/><w:lsdException w:name="Table Subtle 1" w:semiHidden="1" w:unhideWhenUsed="1"/><w:lsdException w:name="Table Subtle 2" w:semiHidden="1" w:unhideWhenUsed="1"/><w:lsdException w:name="Table Web 1" w:semiHidden="1" w:unhideWhenUsed="1"/><w:lsdException w:name="Table Web 2" w:semiHidden="1" w:unhideWhenUsed="1"/><w:lsdException w:name="Table Web 3" w:semiHidden="1" w:unhideWhenUsed="1"/><w:lsdException w:name="Balloon Text" w:semiHidden="1" w:unhideWhenUsed="1"/><w:lsdException w:name="Table Grid" w:uiPriority="39"/><w:lsdException w:name="Table Theme" w:semiHidden="1" w:unhideWhenUsed="1"/><w:lsdException w:name="Placeholder Text" w:semiHidden="1"/><w:lsdException w:name="No Spacing" w:uiPriority="1" w:qFormat="1"/><w:lsdException w:name="Light Shading" w:uiPriority="60"/><w:lsdException w:name="Light List" w:uiPriority="61"/><w:lsdException w:name="Light Grid" w:uiPriority="62"/><w:lsdException w:name="Medium Shading 1" w:uiPriority="63"/><w:lsdException w:name="Medium Shading 2" w:uiPriority="64"/><w:lsdException w:name="Medium List 1" w:uiPriority="65"/><w:lsdException w:name="Medium List 2" w:uiPriority="66"/><w:lsdException w:name="Medium Grid 1" w:uiPriority="67"/><w:lsdException w:name="Medium Grid 2" w:uiPriority="68"/><w:lsdException w:name="Medium Grid 3" w:uiPriority="69"/><w:lsdException w:name="Dark List" w:uiPriority="70"/><w:lsdException w:name="Colorful Shading" w:uiPriority="71"/><w:lsdException w:name="Colorful List" w:uiPriority="72"/><w:lsdException w:name="Colorful Grid" w:uiPriority="73"/><w:lsdException w:name="Light Shading Accent 1" w:uiPriority="60"/><w:lsdException w:name="Light List Accent 1" w:uiPriority="61"/><w:lsdException w:name="Light Grid Accent 1" w:uiPriority="62"/><w:lsdException w:name="Medium Shading 1 Accent 1" w:uiPriority="63"/><w:lsdException w:name="Medium Shading 2 Accent 1" w:uiPriority="64"/><w:lsdException w:name="Medium List 1 Accent 1" w:uiPriority="65"/><w:lsdException w:name="Revision" w:semiHidden="1"/><w:lsdException w:name="List Paragraph" w:uiPriority="34" w:qFormat="1"/><w:lsdException w:name="Quote" w:uiPriority="29" w:qFormat="1"/><w:lsdException w:name="Intense Quote" w:uiPriority="30" w:qFormat="1"/><w:lsdException w:name="Medium List 2 Accent 1" w:uiPriority="66"/><w:lsdException w:name="Medium Grid 1 Accent 1" w:uiPriority="67"/><w:lsdException w:name="Medium Grid 2 Accent 1" w:uiPriority="68"/><w:lsdException w:name="Medium Grid 3 Accent 1" w:uiPriority="69"/><w:lsdException w:name="Dark List Accent 1" w:uiPriority="70"/><w:lsdException w:name="Colorful Shading Accent 1" w:uiPriority="71"/><w:lsdException w:name="Colorful List Accent 1" w:uiPriority="72"/><w:lsdException w:name="Colorful Grid Accent 1" w:uiPriority="73"/><w:lsdException w:name="Light Shading Accent 2" w:uiPriority="60"/><w:lsdException w:name="Light List Accent 2" w:uiPriority="61"/><w:lsdException w:name="Light Grid Accent 2" w:uiPriority="62"/><w:lsdException w:name="Medium Shading 1 Accent 2" w:uiPriority="63"/><w:lsdException w:name="Medium Shading 2 Accent 2" w:uiPriority="64"/><w:lsdException w:name="Medium List 1 Accent 2" w:uiPriority="65"/><w:lsdException w:name="Medium List 2 Accent 2" w:uiPriority="66"/><w:lsdException w:name="Medium Grid 1 Accent 2" w:uiPriority="67"/><w:lsdException w:name="Medium Grid 2 Accent 2" w:uiPriority="68"/><w:lsdException w:name="Medium Grid 3 Accent 2" w:uiPriority="69"/><w:lsdException w:name="Dark List Accent 2" w:uiPriority="70"/><w:lsdException w:name="Colorful Shading Accent 2" w:uiPriority="71"/><w:lsdException w:name="Colorful List Accent 2" w:uiPriority="72"/><w:lsdException w:name="Colorful Grid Accent 2" w:uiPriority="73"/><w:lsdException w:name="Light Shading Accent 3" w:uiPriority="60"/><w:lsdException w:name="Light List Accent 3" w:uiPriority="61"/><w:lsdException w:name="Light Grid Accent 3" w:uiPriority="62"/><w:lsdException w:name="Medium Shading 1 Accent 3" w:uiPriority="63"/><w:lsdException w:name="Medium Shading 2 Accent 3" w:uiPriority="64"/><w:lsdException w:name="Medium List 1 Accent 3" w:uiPriority="65"/><w:lsdException w:name="Medium List 2 Accent 3" w:uiPriority="66"/><w:lsdException w:name="Medium Grid 1 Accent 3" w:uiPriority="67"/><w:lsdException w:name="Medium Grid 2 Accent 3" w:uiPriority="68"/><w:lsdException w:name="Medium Grid 3 Accent 3" w:uiPriority="69"/><w:lsdException w:name="Dark List Accent 3" w:uiPriority="70"/><w:lsdException w:name="Colorful Shading Accent 3" w:uiPriority="71"/><w:lsdException w:name="Colorful List Accent 3" w:uiPriority="72"/><w:lsdException w:name="Colorful Grid Accent 3" w:uiPriority="73"/><w:lsdException w:name="Light Shading Accent 4" w:uiPriority="60"/><w:lsdException w:name="Light List Accent 4" w:uiPriority="61"/><w:lsdException w:name="Light Grid Accent 4" w:uiPriority="62"/><w:lsdException w:name="Medium Shading 1 Accent 4" w:uiPriority="63"/><w:lsdException w:name="Medium Shading 2 Accent 4" w:uiPriority="64"/><w:lsdException w:name="Medium List 1 Accent 4" w:uiPriority="65"/><w:lsdException w:name="Medium List 2 Accent 4" w:uiPriority="66"/><w:lsdException w:name="Medium Grid 1 Accent 4" w:uiPriority="67"/><w:lsdException w:name="Medium Grid 2 Accent 4" w:uiPriority="68"/><w:lsdException w:name="Medium Grid 3 Accent 4" w:uiPriority="69"/><w:lsdException w:name="Dark List Accent 4" w:uiPriority="70"/><w:lsdException w:name="Colorful Shading Accent 4" w:uiPriority="71"/><w:lsdException w:name="Colorful List Accent 4" w:uiPriority="72"/><w:lsdException w:name="Colorful Grid Accent 4" w:uiPriority="73"/><w:lsdException w:name="Light Shading Accent 5" w:uiPriority="60"/><w:lsdException w:name="Light List Accent 5" w:uiPriority="61"/><w:lsdException w:name="Light Grid Accent 5" w:uiPriority="62"/><w:lsdException w:name="Medium Shading 1 Accent 5" w:uiPriority="63"/><w:lsdException w:name="Medium Shading 2 Accent 5" w:uiPriority="64"/><w:lsdException w:name="Medium List 1 Accent 5" w:uiPriority="65"/><w:lsdException w:name="Medium List 2 Accent 5" w:uiPriority="66"/><w:lsdException w:name="Medium Grid 1 Accent 5" w:uiPriority="67"/><w:lsdException w:name="Medium Grid 2 Accent 5" w:uiPriority="68"/><w:lsdException w:name="Medium Grid 3 Accent 5" w:uiPriority="69"/><w:lsdException w:name="Dark List Accent 5" w:uiPriority="70"/><w:lsdException w:name="Colorful Shading Accent 5" w:uiPriority="71"/><w:lsdException w:name="Colorful List Accent 5" w:uiPriority="72"/><w:lsdException w:name="Colorful Grid Accent 5" w:uiPriority="73"/><w:lsdException w:name="Light Shading Accent 6" w:uiPriority="60"/><w:lsdException w:name="Light List Accent 6" w:uiPriority="61"/><w:lsdException w:name="Light Grid Accent 6" w:uiPriority="62"/><w:lsdException w:name="Medium Shading 1 Accent 6" w:uiPriority="63"/><w:lsdException w:name="Medium Shading 2 Accent 6" w:uiPriority="64"/><w:lsdException w:name="Medium List 1 Accent 6" w:uiPriority="65"/><w:lsdException w:name="Medium List 2 Accent 6" w:uiPriority="66"/><w:lsdException w:name="Medium Grid 1 Accent 6" w:uiPriority="67"/><w:lsdException w:name="Medium Grid 2 Accent 6" w:uiPriority="68"/><w:lsdException w:name="Medium Grid 3 Accent 6" w:uiPriority="69"/><w:lsdException w:name="Dark List Accent 6" w:uiPriority="70"/><w:lsdException w:name="Colorful Shading Accent 6" w:uiPriority="71"/><w:lsdException w:name="Colorful List Accent 6" w:uiPriority="72"/><w:lsdException w:name="Colorful Grid Accent 6" w:uiPriority="73"/><w:lsdException w:name="Subtle Emphasis" w:uiPriority="19" w:qFormat="1"/><w:lsdException w:name="Intense Emphasis" w:uiPriority="21" w:qFormat="1"/><w:lsdException w:name="Subtle Reference" w:uiPriority="31" w:qFormat="1"/><w:lsdException w:name="Intense Reference" w:uiPriority="32" w:qFormat="1"/><w:lsdException w:name="Book Title" w:uiPriority="33" w:qFormat="1"/><w:lsdException w:name="Bibliography" w:uiPriority="37" w:semiHidden="1" w:unhideWhenUsed="1"/><w:lsdException w:name="TOC Heading" w:uiPriority="39" w:semiHidden="1" w:unhideWhenUsed="1" w:qFormat="1"/><w:lsdException w:name="Plain Table 1" w:uiPriority="41"/><w:lsdException w:name="Plain Table 2" w:uiPriority="42"/><w:lsdException w:name="Plain Table 3" w:uiPriority="43"/><w:lsdException w:name="Plain Table 4" w:uiPriority="44"/><w:lsdException w:name="Plain Table 5" w:uiPriority="45"/><w:lsdException w:name="Grid Table Light" w:uiPriority="40"/><w:lsdException w:name="Grid Table 1 Light" w:uiPriority="46"/><w:lsdException w:name="Grid Table 2" w:uiPriority="47"/><w:lsdException w:name="Grid Table 3" w:uiPriority="48"/><w:lsdException w:name="Grid Table 4" w:uiPriority="49"/><w:lsdException w:name="Grid Table 5 Dark" w:uiPriority="50"/><w:lsdException w:name="Grid Table 6 Colorful" w:uiPriority="51"/><w:lsdException w:name="Grid Table 7 Colorful" w:uiPriority="52"/><w:lsdException w:name="Grid Table 1 Light Accent 1" w:uiPriority="46"/><w:lsdException w:name="Grid Table 2 Accent 1" w:uiPriority="47"/><w:lsdException w:name="Grid Table 3 Accent 1" w:uiPriority="48"/><w:lsdException w:name="Grid Table 4 Accent 1" w:uiPriority="49"/><w:lsdException w:name="Grid Table 5 Dark Accent 1" w:uiPriority="50"/><w:lsdException w:name="Grid Table 6 Colorful Accent 1" w:uiPriority="51"/><w:lsdException w:name="Grid Table 7 Colorful Accent 1" w:uiPriority="52"/><w:lsdException w:name="Grid Table 1 Light Accent 2" w:uiPriority="46"/><w:lsdException w:name="Grid Table 2 Accent 2" w:uiPriority="47"/><w:lsdException w:name="Grid Table 3 Accent 2" w:uiPriority="48"/><w:lsdException w:name="Grid Table 4 Accent 2" w:uiPriority="49"/><w:lsdException w:name="Grid Table 5 Dark Accent 2" w:uiPriority="50"/><w:lsdException w:name="Grid Table 6 Colorful Accent 2" w:uiPriority="51"/><w:lsdException w:name="Grid Table 7 Colorful Accent 2" w:uiPriority="52"/><w:lsdException w:name="Grid Table 1 Light Accent 3" w:uiPriority="46"/><w:lsdException w:name="Grid Table 2 Accent 3" w:uiPriority="47"/><w:lsdException w:name="Grid Table 3 Accent 3" w:uiPriority="48"/><w:lsdException w:name="Grid Table 4 Accent 3" w:uiPriority="49"/><w:lsdException w:name="Grid Table 5 Dark Accent 3" w:uiPriority="50"/><w:lsdException w:name="Grid Table 6 Colorful Accent 3" w:uiPriority="51"/><w:lsdException w:name="Grid Table 7 Colorful Accent 3" w:uiPriority="52"/><w:lsdException w:name="Grid Table 1 Light Accent 4" w:uiPriority="46"/><w:lsdException w:name="Grid Table 2 Accent 4" w:uiPriority="47"/><w:lsdException w:name="Grid Table 3 Accent 4" w:uiPriority="48"/><w:lsdException w:name="Grid Table 4 Accent 4" w:uiPriority="49"/><w:lsdException w:name="Grid Table 5 Dark Accent 4" w:uiPriority="50"/><w:lsdException w:name="Grid Table 6 Colorful Accent 4" w:uiPriority="51"/><w:lsdException w:name="Grid Table 7 Colorful Accent 4" w:uiPriority="52"/><w:lsdException w:name="Grid Table 1 Light Accent 5" w:uiPriority="46"/><w:lsdException w:name="Grid Table 2 Accent 5" w:uiPriority="47"/><w:lsdException w:name="Grid Table 3 Accent 5" w:uiPriority="48"/><w:lsdException w:name="Grid Table 4 Accent 5" w:uiPriority="49"/><w:lsdException w:name="Grid Table 5 Dark Accent 5" w:uiPriority="50"/><w:lsdException w:name="Grid Table 6 Colorful Accent 5" w:uiPriority="51"/><w:lsdException w:name="Grid Table 7 Colorful Accent 5" w:uiPriority="52"/><w:lsdException w:name="Grid Table 1 Light Accent 6" w:uiPriority="46"/><w:lsdException w:name="Grid Table 2 Accent 6" w:uiPriority="47"/><w:lsdException w:name="Grid Table 3 Accent 6" w:uiPriority="48"/><w:lsdException w:name="Grid Table 4 Accent 6" w:uiPriority="49"/><w:lsdException w:name="Grid Table 5 Dark Accent 6" w:uiPriority="50"/><w:lsdException w:name="Grid Table 6 Colorful Accent 6" w:uiPriority="51"/><w:lsdException w:name="Grid Table 7 Colorful Accent 6" w:uiPriority="52"/><w:lsdException w:name="List Table 1 Light" w:uiPriority="46"/><w:lsdException w:name="List Table 2" w:uiPriority="47"/><w:lsdException w:name="List Table 3" w:uiPriority="48"/><w:lsdException w:name="List Table 4" w:uiPriority="49"/><w:lsdException w:name="List Table 5 Dark" w:uiPriority="50"/><w:lsdException w:name="List Table 6 Colorful" w:uiPriority="51"/><w:lsdException w:name="List Table 7 Colorful" w:uiPriority="52"/><w:lsdException w:name="List Table 1 Light Accent 1" w:uiPriority="46"/><w:lsdException w:name="List Table 2 Accent 1" w:uiPriority="47"/><w:lsdException w:name="List Table 3 Accent 1" w:uiPriority="48"/><w:lsdException w:name="List Table 4 Accent 1" w:uiPriority="49"/><w:lsdException w:name="List Table 5 Dark Accent 1" w:uiPriority="50"/><w:lsdException w:name="List Table 6 Colorful Accent 1" w:uiPriority="51"/><w:lsdException w:name="List Table 7 Colorful Accent 1" w:uiPriority="52"/><w:lsdException w:name="List Table 1 Light Accent 2" w:uiPriority="46"/><w:lsdException w:name="List Table 2 Accent 2" w:uiPriority="47"/><w:lsdException w:name="List Table 3 Accent 2" w:uiPriority="48"/><w:lsdException w:name="List Table 4 Accent 2" w:uiPriority="49"/><w:lsdException w:name="List Table 5 Dark Accent 2" w:uiPriority="50"/><w:lsdException w:name="List Table 6 Colorful Accent 2" w:uiPriority="51"/><w:lsdException w:name="List Table 7 Colorful Accent 2" w:uiPriority="52"/><w:lsdException w:name="List Table 1 Light Accent 3" w:uiPriority="46"/><w:lsdException w:name="List Table 2 Accent 3" w:uiPriority="47"/><w:lsdException w:name="List Table 3 Accent 3" w:uiPriority="48"/><w:lsdException w:name="List Table 4 Accent 3" w:uiPriority="49"/><w:lsdException w:name="List Table 5 Dark Accent 3" w:uiPriority="50"/><w:lsdException w:name="List Table 6 Colorful Accent 3" w:uiPriority="51"/><w:lsdException w:name="List Table 7 Colorful Accent 3" w:uiPriority="52"/><w:lsdException w:name="List Table 1 Light Accent 4" w:uiPriority="46"/><w:lsdException w:name="List Table 2 Accent 4" w:uiPriority="47"/><w:lsdException w:name="List Table 3 Accent 4" w:uiPriority="48"/><w:lsdException w:name="List Table 4 Accent 4" w:uiPriority="49"/><w:lsdException w:name="List Table 5 Dark Accent 4" w:uiPriority="50"/><w:lsdException w:name="List Table 6 Colorful Accent 4" w:uiPriority="51"/><w:lsdException w:name="List Table 7 Colorful Accent 4" w:uiPriority="52"/><w:lsdException w:name="List Table 1 Light Accent 5" w:uiPriority="46"/><w:lsdException w:name="List Table 2 Accent 5" w:uiPriority="47"/><w:lsdException w:name="List Table 3 Accent 5" w:uiPriority="48"/><w:lsdException w:name="List Table 4 Accent 5" w:uiPriority="49"/><w:lsdException w:name="List Table 5 Dark Accent 5" w:uiPriority="50"/><w:lsdException w:name="List Table 6 Colorful Accent 5" w:uiPriority="51"/><w:lsdException w:name="List Table 7 Colorful Accent 5" w:uiPriority="52"/><w:lsdException w:name="List Table 1 Light Accent 6" w:uiPriority="46"/><w:lsdException w:name="List Table 2 Accent 6" w:uiPriority="47"/><w:lsdException w:name="List Table 3 Accent 6" w:uiPriority="48"/><w:lsdException w:name="List Table 4 Accent 6" w:uiPriority="49"/><w:lsdException w:name="List Table 5 Dark Accent 6" w:uiPriority="50"/><w:lsdException w:name="List Table 6 Colorful Accent 6" w:uiPriority="51"/><w:lsdException w:name="List Table 7 Colorful Accent 6" w:uiPriority="52"/></w:latentStyles><w:style w:type="paragraph" w:styleId="Normal" w:default="1"><w:name w:val="Normal"/><w:qFormat/></w:style><w:style w:type="character" w:styleId="DefaultParagraphFont" w:default="1"><w:name w:val="Default Paragraph Font"/><w:uiPriority w:val="1"/><w:semiHidden/><w:unhideWhenUsed/></w:style><w:style w:type="table" w:styleId="TableNormal" w:default="1"><w:name w:val="Normal Table"/><w:uiPriority w:val="99"/><w:semiHidden/><w:unhideWhenUsed/><w:tblPr><w:tblInd w:w="0" w:type="dxa"/><w:tblCellMar><w:top w:w="0" w:type="dxa"/><w:left w:w="108" w:type="dxa"/><w:bottom w:w="0" w:type="dxa"/><w:right w:w="108" w:type="dxa"/></w:tblCellMar></w:tblPr></w:style><w:style w:type="numbering" w:styleId="NoList" w:default="1"><w:name w:val="No List"/><w:uiPriority w:val="99"/><w:semiHidden/><w:unhideWhenUsed/></w:style></w:styles></pkg:xmlData></pkg:part><pkg:part pkg:name="word/document.xml" pkg:contentType="application/xml"><pkg:xmlData><w:document xmlns:wpc="http://schemas.microsoft.com/office/word/2010/wordprocessingCanvas" xmlns:mc="http://schemas.openxmlformats.org/markup-compatibility/2006" xmlns:o="urn:schemas-microsoft-com:office:office" xmlns:r="http://schemas.openxmlformats.org/officeDocument/2006/relationships" xmlns:m="http://schemas.openxmlformats.org/officeDocument/2006/math" xmlns:v="urn:schemas-microsoft-com:vml" xmlns:wp14="http://schemas.microsoft.com/office/word/2010/wordprocessingDrawing" xmlns:wp="http://schemas.openxmlformats.org/drawingml/2006/wordprocessingDrawing" xmlns:w10="urn:schemas-microsoft-com:office:word" xmlns:w="http://schemas.openxmlformats.org/wordprocessingml/2006/main" xmlns:w14="http://schemas.microsoft.com/office/word/2010/wordml" xmlns:w15="http://schemas.microsoft.com/office/word/2012/wordml" xmlns:wpg="http://schemas.microsoft.com/office/word/2010/wordprocessingGroup" xmlns:wpi="http://schemas.microsoft.com/office/word/2010/wordprocessingInk" xmlns:wne="http://schemas.microsoft.com/office/word/2006/wordml" xmlns:wps="http://schemas.microsoft.com/office/word/2010/wordprocessingShape" mc:Ignorable="w14 w15 wp14"><w:body><w:p w14:paraId="057EEC8D" w14:textId="5BF1EC8E"><w:bookmarkStart w:name="_GoBack" w:id="0"/><w:bookmarkEnd w:id="0"/><w:r w:rsidR="4856BD6F"><w:rPr/><w:t>Functional-testing</w:t></w:r></w:p><w:p w:rsidP="76613398" w14:paraId="545B6F61" w14:textId="06D7C395"><w:pPr><w:pStyle w:val="Normal"/></w:pPr><w:r w:rsidR="4856BD6F"><w:rPr/><w:t xml:space="preserve">1. Unit </w:t></w:r><w:r w:rsidR="4856BD6F"><w:rPr/><w:t>testing:</w:t></w:r><w:r w:rsidR="4856BD6F"><w:rPr/><w:t xml:space="preserve"> Unit testing is a software development process in which the smallest testable parts of an application, called units, are individually and independently scrutinized for proper operation.</w:t></w:r></w:p><w:p w:rsidP="76613398" w14:paraId="382B84E4" w14:textId="7725DEE7"><w:pPr><w:pStyle w:val="Normal"/></w:pPr><w:r w:rsidR="4856BD6F"><w:rPr/><w:t xml:space="preserve">2. Integration </w:t></w:r><w:r w:rsidR="4856BD6F"><w:rPr/><w:t>testing: Integration</w:t></w:r><w:r w:rsidR="4856BD6F"><w:rPr/><w:t xml:space="preserve"> testing -- also known as integration and testing (I&amp;T) -- is a type of software testing in which the different units, modules or components of a software application are tested as a combined entity</w:t></w:r></w:p><w:p w:rsidP="76613398" w14:paraId="3FF893A6" w14:textId="37D7F3DD"><w:pPr><w:pStyle w:val="Normal"/></w:pPr><w:r w:rsidR="4856BD6F"><w:rPr/><w:t>3. System integration testing: System Integration Testing (SIT) is the overall testing of the whole system which is composed of many sub-systems. The main objective of SIT is to ensure that all software module dependencies are functioning properly and that data integrity is preserved between distinct modules of the whole system.</w:t></w:r></w:p><w:p w:rsidP="76613398" w14:paraId="438726A2" w14:textId="142A6426"><w:pPr><w:pStyle w:val="Normal"/></w:pPr><w:r w:rsidR="4856BD6F"><w:rPr/><w:t xml:space="preserve">4. Smoke </w:t></w:r><w:r w:rsidR="4856BD6F"><w:rPr/><w:t>testing: Smoke</w:t></w:r><w:r w:rsidR="4856BD6F"><w:rPr/><w:t xml:space="preserve"> testing is the preliminary check of the software after a build and before a release. This type of testing finds basic and critical issues in an application before critical testing is implemented.</w:t></w:r></w:p><w:p w:rsidP="76613398" w14:paraId="084B7D80" w14:textId="0558B99D"><w:pPr><w:pStyle w:val="Normal"/></w:pPr><w:r w:rsidR="4856BD6F"><w:rPr/><w:t xml:space="preserve"> </w:t></w:r></w:p><w:p w:rsidP="76613398" w14:paraId="1665DE9C" w14:textId="1C67B038"><w:pPr><w:pStyle w:val="Normal"/></w:pPr><w:r w:rsidR="4856BD6F"><w:rPr/><w:t xml:space="preserve"> </w:t></w:r></w:p><w:p w:rsidP="76613398" w14:paraId="37CA9B16" w14:textId="29B2F405"><w:pPr><w:pStyle w:val="Normal"/></w:pPr><w:r w:rsidR="4856BD6F"><w:rPr/><w:t>Non-Functional</w:t></w:r><w:r w:rsidR="4856BD6F"><w:rPr/><w:t>-testing</w:t></w:r></w:p><w:p w:rsidP="76613398" w14:paraId="00F6E63F" w14:textId="4CDE533C"><w:pPr><w:pStyle w:val="Normal"/></w:pPr><w:r w:rsidR="4856BD6F"><w:rPr/><w:t xml:space="preserve">1. Performance testing: It is mostly used to identify any bottlenecks or performance issues rather than finding bugs in </w:t></w:r><w:r w:rsidR="4856BD6F"><w:rPr/><w:t>software</w:t></w:r><w:r w:rsidR="4856BD6F"><w:rPr/><w:t xml:space="preserve">. There are different causes that contribute </w:t></w:r><w:proofErr w:type="gramStart"/><w:r w:rsidR="4856BD6F"><w:rPr/><w:t>in</w:t></w:r><w:proofErr w:type="gramEnd"/><w:r w:rsidR="4856BD6F"><w:rPr/><w:t xml:space="preserve"> lowering the performance of a software are Network delay, Client-side processing, Database transaction processing, Load balancing between servers, Data rendering.</w:t></w:r></w:p><w:p w:rsidP="76613398" w14:paraId="1E92DDC9" w14:textId="54D34284"><w:pPr><w:pStyle w:val="Normal"/></w:pPr><w:r w:rsidR="4856BD6F"><w:rPr/><w:t xml:space="preserve">2. Security </w:t></w:r><w:r w:rsidR="4856BD6F"><w:rPr/><w:t>testing:</w:t></w:r><w:r w:rsidR="4856BD6F"><w:rPr/><w:t xml:space="preserve"> Security testing involves testing software in order to identify any flaws and gaps from </w:t></w:r><w:r w:rsidR="4856BD6F"><w:rPr/><w:t>a security</w:t></w:r><w:r w:rsidR="4856BD6F"><w:rPr/><w:t xml:space="preserve"> and vulnerability point of view. The main aspects that security testing should ensure are Confidentiality, Integrity, Authentication, Availability, authorization, Non-repudiation, Software is secure against known and unknown vulnerabilities</w:t></w:r></w:p><w:p w:rsidP="76613398" w14:paraId="6374BE9D" w14:textId="2281FD50"><w:pPr><w:pStyle w:val="Normal"/></w:pPr><w:r w:rsidR="4856BD6F"><w:rPr/><w:t xml:space="preserve">3. Load </w:t></w:r><w:r w:rsidR="4856BD6F"><w:rPr/><w:t>testing:</w:t></w:r><w:r w:rsidR="4856BD6F"><w:rPr/><w:t xml:space="preserve"> It is a process of testing the behavior of a software by applying maximum load in terms of software accessing and manipulating large input data. It can be done at both normal and peak load conditions. This type of testing identifies the maximum capacity of software and its behavior at peak time.</w:t></w:r></w:p><w:p w:rsidP="76613398" w14:paraId="1F413F5D" w14:textId="4662735D"><w:pPr><w:pStyle w:val="Normal"/></w:pPr><w:r w:rsidR="4856BD6F"><w:rPr/><w:t xml:space="preserve">4. Stress </w:t></w:r><w:r w:rsidR="4856BD6F"><w:rPr/><w:t>testing:</w:t></w:r><w:r w:rsidR="4856BD6F"><w:rPr/><w:t xml:space="preserve"> Stress testing includes testing the behavior of </w:t></w:r><w:r w:rsidR="4856BD6F"><w:rPr/><w:t>software</w:t></w:r><w:r w:rsidR="4856BD6F"><w:rPr/><w:t xml:space="preserve"> under abnormal conditions. For example, it may include taking away some resources or applying a load beyond the actual load limit.</w:t></w:r></w:p><w:p w:rsidP="76613398" w14:paraId="3E10E650" w14:textId="3AC09FDD"><w:pPr><w:pStyle w:val="Normal"/></w:pPr><w:r w:rsidR="4856BD6F"><w:rPr/><w:t xml:space="preserve">5. Volume </w:t></w:r><w:r w:rsidR="4856BD6F"><w:rPr/><w:t>testing:</w:t></w:r><w:r w:rsidR="4856BD6F"><w:rPr/><w:t xml:space="preserve"> Volume testing is done to analyze the system performance by increasing the volume of data in the database. With the help of Volume testing, the impact on response time and system behavior can be studied when exposed to a high volume of data.</w:t></w:r></w:p><w:p w:rsidP="76613398" w14:paraId="3993D85F" w14:textId="1E12108C"><w:pPr><w:pStyle w:val="Normal"/></w:pPr><w:r w:rsidR="4856BD6F"><w:rPr/><w:t xml:space="preserve">6. Recovery </w:t></w:r><w:r w:rsidR="4856BD6F"><w:rPr/><w:t>testing: In</w:t></w:r><w:r w:rsidR="4856BD6F"><w:rPr/><w:t xml:space="preserve"> software testing, recovery testing is the activity of testing how well an application is able to recover from crashes, hardware failures and other similar problems. Recovery testing is the forced failure of the software in a variety of ways to verify that recovery is properly performed.</w:t></w:r></w:p><w:p w:rsidP="76613398" w14:paraId="7B383449" w14:textId="7CEB5934"><w:pPr><w:pStyle w:val="Normal"/></w:pPr><w:r w:rsidR="4856BD6F"><w:rPr/><w:t xml:space="preserve">7. Compatibility </w:t></w:r><w:r w:rsidR="4856BD6F"><w:rPr/><w:t>testing: Compatibility</w:t></w:r><w:r w:rsidR="4856BD6F"><w:rPr/><w:t xml:space="preserve"> Testing is a type of Software testing to check whether your software is capable of running on different hardware, operating systems, applications, network environments or Mobile </w:t></w:r><w:r w:rsidR="4856BD6F"><w:rPr/><w:t>devices. In</w:t></w:r><w:r w:rsidR="4856BD6F"><w:rPr/><w:t xml:space="preserve"> normal life, Oil is not compatible with water, but milk can be easily combined with water.</w:t></w:r></w:p><w:p w:rsidP="76613398" w14:paraId="0ADD6BD8" w14:textId="0163EAFC"><w:pPr><w:pStyle w:val="Normal"/></w:pPr><w:r w:rsidR="4856BD6F"><w:rPr/><w:t xml:space="preserve">8. Usability </w:t></w:r><w:r w:rsidR="4856BD6F"><w:rPr/><w:t>testing: Usability</w:t></w:r><w:r w:rsidR="4856BD6F"><w:rPr/><w:t xml:space="preserve"> testing is a technique used in user-centered interaction design to evaluate a product by testing it on users. This can be seen as an irreplaceable usability practice, since it gives direct input on how real users use the system.</w:t></w:r></w:p><w:p w:rsidP="76613398" w14:paraId="219E3A61" w14:textId="14674B4D"><w:pPr><w:pStyle w:val="Normal"/></w:pPr><w:r w:rsidR="4856BD6F"><w:rPr/><w:t xml:space="preserve"> </w:t></w:r></w:p><w:p w:rsidP="76613398" w14:paraId="0F5715CE" w14:textId="590DF00E"><w:pPr><w:pStyle w:val="Normal"/></w:pPr><w:r w:rsidR="4856BD6F"><w:rPr/><w:t xml:space="preserve"> </w:t></w:r></w:p><w:p w:rsidP="76613398" w14:paraId="282E1042" w14:textId="5FF6A7FB"><w:pPr><w:pStyle w:val="Normal"/></w:pPr><w:r w:rsidR="4856BD6F"><w:rPr/><w:t>VERIFICATION TESTING ACTIVITIES</w:t></w:r></w:p><w:p w:rsidP="76613398" w14:paraId="23ED7681" w14:textId="7D9A3FA8"><w:pPr><w:pStyle w:val="Normal"/></w:pPr><w:r w:rsidR="4856BD6F"><w:rPr/><w:t xml:space="preserve"> </w:t></w:r></w:p><w:p w:rsidP="76613398" w14:paraId="025253FE" w14:textId="58ACD288"><w:pPr><w:pStyle w:val="Normal"/></w:pPr><w:r w:rsidR="4856BD6F"><w:rPr/><w:t>What is Review?</w:t></w:r></w:p><w:p w:rsidP="76613398" w14:paraId="0AC3102D" w14:textId="7EE42FEA"><w:pPr><w:pStyle w:val="Normal"/></w:pPr><w:r w:rsidR="4856BD6F"><w:rPr/><w:t>A review is a systematic examination of a document by one or more people with the main aim of finding and removing errors early in the software development life cycle. Reviews are used to verify documents such as requirements, system designs, code, test plans and test cases.</w:t></w:r></w:p><w:p w:rsidP="76613398" w14:paraId="70AE3A38" w14:textId="72DC7646"><w:pPr><w:pStyle w:val="Normal"/></w:pPr><w:r w:rsidR="4856BD6F"><w:rPr/><w:t xml:space="preserve"> </w:t></w:r></w:p><w:p w:rsidP="76613398" w14:paraId="26591463" w14:textId="65EFE8F7"><w:pPr><w:pStyle w:val="Normal"/></w:pPr><w:r w:rsidR="4856BD6F"><w:rPr/><w:t>What is Inspection?</w:t></w:r></w:p><w:p w:rsidP="76613398" w14:paraId="00D18622" w14:textId="047126D1"><w:pPr><w:pStyle w:val="Normal"/></w:pPr><w:r w:rsidR="4856BD6F"><w:rPr/><w:t xml:space="preserve">Inspection in software </w:t></w:r><w:r w:rsidR="4856BD6F"><w:rPr/><w:t>engineering</w:t></w:r><w:r w:rsidR="4856BD6F"><w:rPr/><w:t xml:space="preserve"> refers to peer review of any work product by trained individuals who look for defects using a </w:t></w:r><w:r w:rsidR="4856BD6F"><w:rPr/><w:t>well-defined</w:t></w:r><w:r w:rsidR="4856BD6F"><w:rPr/><w:t xml:space="preserve"> process. An inspection might also be referred to as a Fagan inspection after Michael Fagan, the creator of a very popular software inspection process.</w:t></w:r></w:p><w:p w:rsidP="76613398" w14:paraId="1C526B41" w14:textId="0DC33130"><w:pPr><w:pStyle w:val="Normal"/></w:pPr><w:r w:rsidR="4856BD6F"><w:rPr/><w:t xml:space="preserve"> </w:t></w:r></w:p><w:p w:rsidP="76613398" w14:paraId="06BB10B7" w14:textId="14549E47"><w:pPr><w:pStyle w:val="Normal"/></w:pPr><w:r w:rsidR="4856BD6F"><w:rPr/><w:t>What is Walk Through?</w:t></w:r></w:p><w:p w:rsidP="76613398" w14:paraId="1917B7D2" w14:textId="3A2A76EF"><w:pPr><w:pStyle w:val="Normal"/></w:pPr><w:r w:rsidR="4856BD6F"><w:rPr/><w:t xml:space="preserve">Walkthrough in software testing is used to review documents with peers, managers, and fellow team members who are guided by the author of the document to gather feedback and reach a consensus. A walkthrough can be pre-planned or </w:t></w:r><w:r w:rsidR="07760669"><w:rPr/><w:t>organized</w:t></w:r><w:r w:rsidR="4856BD6F"><w:rPr/><w:t xml:space="preserve"> based on the needs.</w:t></w:r></w:p><w:p w:rsidP="76613398" w14:paraId="4D39C1B9" w14:textId="13946518"><w:pPr><w:pStyle w:val="Normal"/></w:pPr></w:p><w:p w:rsidP="76613398" w14:paraId="0B41F73B" w14:textId="55F8D220"><w:pPr><w:pStyle w:val="Normal"/></w:pPr></w:p><w:p w:rsidP="76613398" w14:paraId="2C078E63" w14:textId="24F7E8A0"><w:pPr><w:pStyle w:val="Normal"/></w:pPr></w:p><w:sectPr><w:pgSz w:w="12240" w:h="15840" w:orient="portrait"/><w:pgMar w:top="1440" w:right="1440" w:bottom="1440" w:left="1440" w:header="720" w:footer="720" w:gutter="0"/><w:cols w:space="720"/><w:docGrid w:linePitch="360"/></w:sectPr></w:body></w:document></pkg:xmlData></pkg:part><pkg:part pkg:name="_rels/.rels" pkg:contentType="application/vnd.openxmlformats-package.relationships+xml"><pkg:xmlData><Relationships xmlns="http://schemas.openxmlformats.org/package/2006/relationships"><Relationship Type="http://schemas.openxmlformats.org/officeDocument/2006/relationships/extended-properties" Target="docProps/app.xml" Id="rId3"/><Relationship Type="http://schemas.openxmlformats.org/package/2006/relationships/metadata/core-properties" Target="docProps/core.xml" Id="rId2"/><Relationship Type="http://schemas.openxmlformats.org/officeDocument/2006/relationships/officeDocument" Target="word/document.xml" Id="rId1"/></Relationships></pkg:xmlData></pkg:part><pkg:part pkg:name="word/_rels/document.xml.rels" pkg:contentType="application/vnd.openxmlformats-package.relationships+xml"><pkg:xmlData><Relationships xmlns="http://schemas.openxmlformats.org/package/2006/relationships"><Relationship Type="http://schemas.openxmlformats.org/officeDocument/2006/relationships/webSettings" Target="webSettings.xml" Id="rId3"/><Relationship Type="http://schemas.openxmlformats.org/officeDocument/2006/relationships/settings" Target="settings.xml" Id="rId2"/><Relationship Type="http://schemas.openxmlformats.org/officeDocument/2006/relationships/styles" Target="styles.xml" Id="rId1"/><Relationship Type="http://schemas.openxmlformats.org/officeDocument/2006/relationships/theme" Target="theme/theme1.xml" Id="rId5"/><Relationship Type="http://schemas.openxmlformats.org/officeDocument/2006/relationships/fontTable" Target="fontTable.xml" Id="rId4"/></Relationships></pkg:xmlData></pkg:part></pkg:package>